-- ----------------------------
-- Records of sys_config
-- ----------------------------
BEGIN;
INSERT INTO `sys_config` (`config_id`, `config_name`, `config_key`, `config_value`, `config_type`, `group_code`, `remark`, `del_flag`, `create_time`, `create_user`, `update_time`, `update_user`) VALUES (1, 'Mac本地文件路径', 'sys.local.profile.mac', '~/uploadPath', 'Y', 'file_config', NULL, b'0', '2022-11-10 14:06:44', 1, '2022-11-10 14:07:49', NULL);
INSERT INTO `sys_config` (`config_id`, `config_name`, `config_key`, `config_value`, `config_type`, `group_code`, `remark`, `del_flag`, `create_time`, `create_user`, `update_time`, `update_user`) VALUES (2, 'Linux本地文件路径', 'sys.local.profile.linux', '/data/uploadPath', 'Y', 'file_config', NULL, b'0', '2022-01-14 10:59:39', NULL, '2022-01-16 14:11:53', 1);
INSERT INTO `sys_config` (`config_id`, `config_name`, `config_key`, `config_value`, `config_type`, `group_code`, `remark`, `del_flag`, `create_time`, `create_user`, `update_time`, `update_user`) VALUES (3, 'Windows本地文件路径', 'sys.local.profile.win', 'D:\\uploadPath', 'Y', 'file_config', NULL, b'0', '2022-01-14 11:00:39', NULL, '2022-01-16 14:11:53', 1);
INSERT INTO `sys_config` (`config_id`, `config_name`, `config_key`, `config_value`, `config_type`, `group_code`, `remark`, `del_flag`, `create_time`, `create_user`, `update_time`, `update_user`) VALUES (4, '默认存储文件的bucket名称', 'sys.file.default.bucket', 'defaultBucket', 'Y', 'file_config', NULL, b'0', '2022-01-14 11:03:10', NULL, '2022-01-16 14:11:54', NULL);
INSERT INTO `sys_config` (`config_id`, `config_name`, `config_key`, `config_value`, `config_type`, `group_code`, `remark`, `del_flag`, `create_time`, `create_user`, `update_time`, `update_user`) VALUES (101, '阿里云邮件服务accessKeyId', 'sys.aliyun.mail.accessKeyId', '', 'Y', 'mail_config', NULL, b'0', '2022-01-19 10:04:08', NULL, '2022-01-19 10:49:30', NULL);
INSERT INTO `sys_config` (`config_id`, `config_name`, `config_key`, `config_value`, `config_type`, `group_code`, `remark`, `del_flag`, `create_time`, `create_user`, `update_time`, `update_user`) VALUES (102, '阿里云邮件服务accessKeySecret', 'sys.aliyun.mail.accessKeySecret', '', 'Y', 'mail_config', NULL, b'0', '2022-01-19 10:07:28', NULL, '2022-01-19 10:49:31', NULL);
INSERT INTO `sys_config` (`config_id`, `config_name`, `config_key`, `config_value`, `config_type`, `group_code`, `remark`, `del_flag`, `create_time`, `create_user`, `update_time`, `update_user`) VALUES (113, 'smtp服务器地址', 'sys.email.smtp.host', 'smtp.qq.com', 'Y', 'mail_config', NULL, b'0', '2022-01-19 10:33:50', NULL, '2022-01-24 11:28:13', NULL);
INSERT INTO `sys_config` (`config_id`, `config_name`, `config_key`, `config_value`, `config_type`, `group_code`, `remark`, `del_flag`, `create_time`, `create_user`, `update_time`, `update_user`) VALUES (114, 'smtp服务端口', 'sys.email.smtp.port', '465', 'Y', 'mail_config', NULL, b'0', '2022-01-19 10:35:29', NULL, '2022-01-24 11:28:14', NULL);
INSERT INTO `sys_config` (`config_id`, `config_name`, `config_key`, `config_value`, `config_type`, `group_code`, `remark`, `del_flag`, `create_time`, `create_user`, `update_time`, `update_user`) VALUES (115, '邮箱的发送方邮箱', 'sys.email.send.account', '3066693006@qq.com', 'Y', 'mail_config', NULL, b'0', '2022-01-19 10:38:17', NULL, '2022-01-24 11:28:15', NULL);
INSERT INTO `sys_config` (`config_id`, `config_name`, `config_key`, `config_value`, `config_type`, `group_code`, `remark`, `del_flag`, `create_time`, `create_user`, `update_time`, `update_user`) VALUES (116, '邮箱的密码或者授权码', 'sys.email.password', '**********', 'Y', 'mail_config', NULL, b'0', '2022-01-19 10:07:31', NULL, '2022-01-19 12:02:57', 1);
INSERT INTO `sys_config` (`config_id`, `config_name`, `config_key`, `config_value`, `config_type`, `group_code`, `remark`, `del_flag`, `create_time`, `create_user`, `update_time`, `update_user`) VALUES (117, '邮箱发送时的用户名', 'sys.email.name', '致远', 'Y', 'mail_config', NULL, b'0', '2022-01-19 11:10:47', NULL, '2022-01-24 11:28:19', NULL);
INSERT INTO `sys_config` (`config_id`, `config_name`, `config_key`, `config_value`, `config_type`, `group_code`, `remark`, `del_flag`, `create_time`, `create_user`, `update_time`, `update_user`) VALUES (202, '用户默认头像', 'sys.user.default.avatar', 'https://img0.baidu.com/it/u=1183896628,1403534286&fm=253&fmt=auto&app=138&f=PNG', 'Y', 'sys_config', NULL, b'0', '2022-02-08 11:35:31', NULL, '2022-02-08 11:40:15', 1);
INSERT INTO `sys_config` (`config_id`, `config_name`, `config_key`, `config_value`, `config_type`, `group_code`, `remark`, `del_flag`, `create_time`, `create_user`, `update_time`, `update_user`) VALUES (206, '用户管理-账号初始密码', 'sys.user.initPassword', '123456', 'Y', 'sys_config', '初始化密码 123456', b'0', '2022-11-09 01:41:52', 1, '2022-11-09 15:42:09', NULL);
INSERT INTO `sys_config` (`config_id`, `config_name`, `config_key`, `config_value`, `config_type`, `group_code`, `remark`, `del_flag`, `create_time`, `create_user`, `update_time`, `update_user`) VALUES (220, '全局日志记录', 'sys.log.global.flag', 'false', 'Y', 'sys_config', '全局日志记录，true则所有请求都将记录日志', b'0', '2023-06-07 21:36:00', 1, '2023-06-08 14:44:00', 1);
INSERT INTO `sys_config` (`config_id`, `config_name`, `config_key`, `config_value`, `config_type`, `group_code`, `remark`, `del_flag`, `create_time`, `create_user`, `update_time`, `update_user`) VALUES (300, '验证码类型', 'sys.login.captchaType', 'math', 'Y', 'sys_config', 'math 数组计算 char 字符验证', b'0', '2022-11-10 09:32:40', 1, '2022-11-30 12:14:30', NULL);
INSERT INTO `sys_config` (`config_id`, `config_name`, `config_key`, `config_value`, `config_type`, `group_code`, `remark`, `del_flag`, `create_time`, `create_user`, `update_time`, `update_user`) VALUES (301, '账号自助-验证码开关', 'sys.account.captchaEnabled', 'true', 'Y', 'sys_config', '是否开启验证码功能（true开启，false关闭）', b'0', '2023-02-01 21:48:05', 1, '2023-02-01 21:48:34', NULL);
INSERT INTO `sys_config` (`config_id`, `config_name`, `config_key`, `config_value`, `config_type`, `group_code`, `remark`, `del_flag`, `create_time`, `create_user`, `update_time`, `update_user`) VALUES (302, '账号自助-是否开启用户注册功能', 'sys.account.registerUser', 'true', 'Y', 'sys_config', '是否开启注册用户功能（true开启，false关闭）', b'0', '2023-02-01 21:47:39', 1, '2023-02-01 21:48:31', NULL);
COMMIT;

-- ----------------------------
-- Records of sys_dict_data
-- ----------------------------
BEGIN;
INSERT INTO `sys_dict_data` (`dict_code`, `dict_sort`, `dict_label`, `dict_value`, `dict_type`, `css_class`, `list_class`, `is_default`, `status`, `remark`, `create_time`, `create_user`, `update_time`, `update_user`, `del_flag`) VALUES (1, 1, '男', '0', 'sys_user_sex', NULL, 'default', 'Y', '0', '性别男', NULL, NULL, NULL, NULL, b'0');
INSERT INTO `sys_dict_data` (`dict_code`, `dict_sort`, `dict_label`, `dict_value`, `dict_type`, `css_class`, `list_class`, `is_default`, `status`, `remark`, `create_time`, `create_user`, `update_time`, `update_user`, `del_flag`) VALUES (2, 2, '女', '1', 'sys_user_sex', NULL, 'default', 'N', '0', '性别女', NULL, NULL, NULL, NULL, b'0');
INSERT INTO `sys_dict_data` (`dict_code`, `dict_sort`, `dict_label`, `dict_value`, `dict_type`, `css_class`, `list_class`, `is_default`, `status`, `remark`, `create_time`, `create_user`, `update_time`, `update_user`, `del_flag`) VALUES (3, 1, '是', 'Y', 'sys_yes_no', NULL, 'success', 'N', '0', NULL, '2022-11-06 06:37:31', 1, '2022-11-06 06:39:34', 1, b'0');
INSERT INTO `sys_dict_data` (`dict_code`, `dict_sort`, `dict_label`, `dict_value`, `dict_type`, `css_class`, `list_class`, `is_default`, `status`, `remark`, `create_time`, `create_user`, `update_time`, `update_user`, `del_flag`) VALUES (4, 2, '否', 'N', 'sys_yes_no', NULL, 'danger', 'N', '0', NULL, '2022-11-06 06:37:42', 1, '2022-11-06 06:39:34', 1, b'0');
INSERT INTO `sys_dict_data` (`dict_code`, `dict_sort`, `dict_label`, `dict_value`, `dict_type`, `css_class`, `list_class`, `is_default`, `status`, `remark`, `create_time`, `create_user`, `update_time`, `update_user`, `del_flag`) VALUES (6, 1, '正常', '0', 'sys_normal_disable', NULL, 'primary', 'Y', '0', '正常状态', NULL, NULL, NULL, NULL, b'0');
INSERT INTO `sys_dict_data` (`dict_code`, `dict_sort`, `dict_label`, `dict_value`, `dict_type`, `css_class`, `list_class`, `is_default`, `status`, `remark`, `create_time`, `create_user`, `update_time`, `update_user`, `del_flag`) VALUES (7, 2, '停用', '1', 'sys_normal_disable', NULL, 'danger', 'N', '0', '停用状态', NULL, NULL, NULL, NULL, b'0');
INSERT INTO `sys_dict_data` (`dict_code`, `dict_sort`, `dict_label`, `dict_value`, `dict_type`, `css_class`, `list_class`, `is_default`, `status`, `remark`, `create_time`, `create_user`, `update_time`, `update_user`, `del_flag`) VALUES (41, 1, '显示', '0', 'sys_show_hide', NULL, 'primary', 'N', '0', '显示菜单', '2022-12-26 21:49:47', 1, '2022-12-26 21:49:47', NULL, b'0');
INSERT INTO `sys_dict_data` (`dict_code`, `dict_sort`, `dict_label`, `dict_value`, `dict_type`, `css_class`, `list_class`, `is_default`, `status`, `remark`, `create_time`, `create_user`, `update_time`, `update_user`, `del_flag`) VALUES (42, 2, '隐藏', '1', 'sys_show_hide', NULL, 'danger', 'N', '0', '隐藏菜单', '2022-12-26 21:50:10', 1, '2022-12-26 21:50:10', NULL, b'0');
INSERT INTO `sys_dict_data` (`dict_code`, `dict_sort`, `dict_label`, `dict_value`, `dict_type`, `css_class`, `list_class`, `is_default`, `status`, `remark`, `create_time`, `create_user`, `update_time`, `update_user`, `del_flag`) VALUES (101, 1, '系统配置', 'sys_config', 'sys_config_group', NULL, 'primary', 'N', '0', '配置群组的系统配置', '2022-11-06 19:27:23', NULL, '2022-11-06 06:07:20', 1, b'0');
INSERT INTO `sys_dict_data` (`dict_code`, `dict_sort`, `dict_label`, `dict_value`, `dict_type`, `css_class`, `list_class`, `is_default`, `status`, `remark`, `create_time`, `create_user`, `update_time`, `update_user`, `del_flag`) VALUES (102, 2, '邮件配置', 'mail_config', 'sys_config_group', NULL, 'primary', 'N', '0', NULL, '2022-11-06 05:38:04', 1, '2022-11-06 06:07:20', 1, b'0');
INSERT INTO `sys_dict_data` (`dict_code`, `dict_sort`, `dict_label`, `dict_value`, `dict_type`, `css_class`, `list_class`, `is_default`, `status`, `remark`, `create_time`, `create_user`, `update_time`, `update_user`, `del_flag`) VALUES (103, 3, '文件配置', 'file_config', 'sys_config_group', NULL, 'primary', 'N', '0', NULL, '2022-11-06 06:32:45', 1, '2022-11-06 20:32:44', 1, b'0');
INSERT INTO `sys_dict_data` (`dict_code`, `dict_sort`, `dict_label`, `dict_value`, `dict_type`, `css_class`, `list_class`, `is_default`, `status`, `remark`, `create_time`, `create_user`, `update_time`, `update_user`, `del_flag`) VALUES (1666438029385986049, 1, '成功', '0', 'sys_common_status', NULL, 'primary', 'N', '0', '正常状态', '2023-06-07 21:32:42', 1, '2023-06-07 21:32:41', NULL, b'0');
INSERT INTO `sys_dict_data` (`dict_code`, `dict_sort`, `dict_label`, `dict_value`, `dict_type`, `css_class`, `list_class`, `is_default`, `status`, `remark`, `create_time`, `create_user`, `update_time`, `update_user`, `del_flag`) VALUES (1666438168611713025, 2, '失败', '1', 'sys_common_status', NULL, 'danger', 'N', '0', '停用状态', '2023-06-07 21:33:15', 1, '2023-06-07 21:33:14', 1, b'0');
COMMIT;

-- ----------------------------
-- Records of sys_dict_type
-- ----------------------------
BEGIN;
INSERT INTO `sys_dict_type` (`dict_id`, `dict_name`, `dict_type`, `status`, `remark`, `create_time`, `create_user`, `update_time`, `update_user`, `del_flag`) VALUES (1, '用户性别', 'sys_user_sex', '0', '用户性别列表', NULL, NULL, '2022-11-06 01:10:21', 1, b'0');
INSERT INTO `sys_dict_type` (`dict_id`, `dict_name`, `dict_type`, `status`, `remark`, `create_time`, `create_user`, `update_time`, `update_user`, `del_flag`) VALUES (2, '系统是否', 'sys_yes_no', '0', '系统是否列表', '2022-11-06 06:37:05', 1, '2022-11-06 20:37:04', 1, b'0');
INSERT INTO `sys_dict_type` (`dict_id`, `dict_name`, `dict_type`, `status`, `remark`, `create_time`, `create_user`, `update_time`, `update_user`, `del_flag`) VALUES (3, '系统开关', 'sys_normal_disable', '0', '系统开关列表', NULL, NULL, NULL, NULL, b'0');
INSERT INTO `sys_dict_type` (`dict_id`, `dict_name`, `dict_type`, `status`, `remark`, `create_time`, `create_user`, `update_time`, `update_user`, `del_flag`) VALUES (4, '菜单状态', 'sys_show_hide', '0', '菜单状态列表', '2022-12-26 21:49:15', 1, '2022-12-26 21:49:15', NULL, b'0');
INSERT INTO `sys_dict_type` (`dict_id`, `dict_name`, `dict_type`, `status`, `remark`, `create_time`, `create_user`, `update_time`, `update_user`, `del_flag`) VALUES (10, '系统状态', 'sys_common_status', '0', '登录状态列表', '2023-06-07 21:31:15', 1, '2023-06-07 21:31:15', NULL, b'0');
INSERT INTO `sys_dict_type` (`dict_id`, `dict_name`, `dict_type`, `status`, `remark`, `create_time`, `create_user`, `update_time`, `update_user`, `del_flag`) VALUES (101, '配置群组', 'sys_config_group', '0', '配置群组', '2022-11-06 05:32:37', 1, '2022-11-06 19:32:37', 1, b'0');
COMMIT;

-- ----------------------------
-- Records of sys_log_login
-- ----------------------------
BEGIN;
INSERT INTO `sys_log_login` (`info_id`, `user_id`, `user_name`, `ipaddr`, `login_location`, `browser`, `os`, `status`, `msg`, `login_time`) VALUES (1686301476458135554, 1, 'admin', '127.0.0.1', '内网IP', 'Chrome 11', 'Mac OS X', '0', '登录成功', '2023-08-01 17:02:57');
COMMIT;

-- ----------------------------
-- Records of sys_menu
-- ----------------------------
BEGIN;
INSERT INTO `sys_menu` (`menu_id`, `menu_name`, `parent_id`, `order_num`, `path`, `component`, `query`, `is_frame`, `is_cache`, `menu_type`, `visible`, `status`, `perms`, `icon`, `remark`, `del_flag`, `create_time`, `update_user`, `update_time`, `create_user`) VALUES (1, '系统管理', 0, 1, 'system', NULL, '', 1, 0, 'M', '0', '0', '', 'system', '系统管理目录', b'0', '2022-10-05 15:28:43', 1, '2022-11-14 14:41:50', NULL);
INSERT INTO `sys_menu` (`menu_id`, `menu_name`, `parent_id`, `order_num`, `path`, `component`, `query`, `is_frame`, `is_cache`, `menu_type`, `visible`, `status`, `perms`, `icon`, `remark`, `del_flag`, `create_time`, `update_user`, `update_time`, `create_user`) VALUES (2, '系统监控', 0, 2, 'monitor', NULL, '', 1, 0, 'M', '0', '0', '', 'monitor', '系统监控目录', b'1', '2022-10-05 15:28:43', NULL, NULL, NULL);
INSERT INTO `sys_menu` (`menu_id`, `menu_name`, `parent_id`, `order_num`, `path`, `component`, `query`, `is_frame`, `is_cache`, `menu_type`, `visible`, `status`, `perms`, `icon`, `remark`, `del_flag`, `create_time`, `update_user`, `update_time`, `create_user`) VALUES (3, '系统工具', 0, 3, 'tool', NULL, '', 1, 0, 'M', '0', '0', '', 'tool', '系统工具目录', b'0', '2022-10-05 15:28:43', NULL, NULL, NULL);
INSERT INTO `sys_menu` (`menu_id`, `menu_name`, `parent_id`, `order_num`, `path`, `component`, `query`, `is_frame`, `is_cache`, `menu_type`, `visible`, `status`, `perms`, `icon`, `remark`, `del_flag`, `create_time`, `update_user`, `update_time`, `create_user`) VALUES (4, '源码地址', 0, 10, 'http://github.com/oddfar/campus', NULL, '', 0, 0, 'M', '0', '0', '', 'guide', '若依官网地址', b'0', '2022-10-05 15:28:43', 1, '2022-11-21 17:11:40', NULL);
INSERT INTO `sys_menu` (`menu_id`, `menu_name`, `parent_id`, `order_num`, `path`, `component`, `query`, `is_frame`, `is_cache`, `menu_type`, `visible`, `status`, `perms`, `icon`, `remark`, `del_flag`, `create_time`, `update_user`, `update_time`, `create_user`) VALUES (100, '用户管理', 1, 1, 'user', 'system/user/index', '', 1, 0, 'C', '0', '0', 'system:user:list', 'user', '用户管理菜单', b'0', '2022-10-05 15:28:43', NULL, NULL, NULL);
INSERT INTO `sys_menu` (`menu_id`, `menu_name`, `parent_id`, `order_num`, `path`, `component`, `query`, `is_frame`, `is_cache`, `menu_type`, `visible`, `status`, `perms`, `icon`, `remark`, `del_flag`, `create_time`, `update_user`, `update_time`, `create_user`) VALUES (101, '角色管理', 1, 2, 'role', 'system/role/index', '', 1, 0, 'C', '0', '0', 'system:role:list', 'peoples', '角色管理菜单', b'0', '2022-10-05 15:28:43', NULL, NULL, NULL);
INSERT INTO `sys_menu` (`menu_id`, `menu_name`, `parent_id`, `order_num`, `path`, `component`, `query`, `is_frame`, `is_cache`, `menu_type`, `visible`, `status`, `perms`, `icon`, `remark`, `del_flag`, `create_time`, `update_user`, `update_time`, `create_user`) VALUES (102, '菜单管理', 1, 3, 'menu', 'system/menu/index', '', 1, 0, 'C', '0', '0', 'system:menu:list', 'tree-table', '菜单管理菜单', b'0', '2022-10-05 15:28:43', NULL, NULL, NULL);
INSERT INTO `sys_menu` (`menu_id`, `menu_name`, `parent_id`, `order_num`, `path`, `component`, `query`, `is_frame`, `is_cache`, `menu_type`, `visible`, `status`, `perms`, `icon`, `remark`, `del_flag`, `create_time`, `update_user`, `update_time`, `create_user`) VALUES (103, '部门管理', 1, 4, 'dept', 'system/dept/index', '', 1, 0, 'C', '0', '0', 'system:dept:list', 'tree', '部门管理菜单', b'1', '2022-10-05 15:28:43', NULL, NULL, NULL);
INSERT INTO `sys_menu` (`menu_id`, `menu_name`, `parent_id`, `order_num`, `path`, `component`, `query`, `is_frame`, `is_cache`, `menu_type`, `visible`, `status`, `perms`, `icon`, `remark`, `del_flag`, `create_time`, `update_user`, `update_time`, `create_user`) VALUES (104, '岗位管理', 1, 5, 'post', 'system/post/index', '', 1, 0, 'C', '0', '0', 'system:post:list', 'post', '岗位管理菜单', b'1', '2022-10-05 15:28:43', NULL, NULL, NULL);
INSERT INTO `sys_menu` (`menu_id`, `menu_name`, `parent_id`, `order_num`, `path`, `component`, `query`, `is_frame`, `is_cache`, `menu_type`, `visible`, `status`, `perms`, `icon`, `remark`, `del_flag`, `create_time`, `update_user`, `update_time`, `create_user`) VALUES (105, '字典管理', 1, 6, 'dict', 'system/dict/index', '', 1, 0, 'C', '0', '0', 'system:dict:list', 'dict', '字典管理菜单', b'0', '2022-10-05 15:28:43', NULL, NULL, NULL);
INSERT INTO `sys_menu` (`menu_id`, `menu_name`, `parent_id`, `order_num`, `path`, `component`, `query`, `is_frame`, `is_cache`, `menu_type`, `visible`, `status`, `perms`, `icon`, `remark`, `del_flag`, `create_time`, `update_user`, `update_time`, `create_user`) VALUES (106, '参数设置', 1, 7, 'config', 'system/config/index', '', 1, 0, 'C', '0', '0', 'system:config:list', 'edit', '参数设置菜单', b'0', '2022-10-05 15:28:43', NULL, NULL, NULL);
INSERT INTO `sys_menu` (`menu_id`, `menu_name`, `parent_id`, `order_num`, `path`, `component`, `query`, `is_frame`, `is_cache`, `menu_type`, `visible`, `status`, `perms`, `icon`, `remark`, `del_flag`, `create_time`, `update_user`, `update_time`, `create_user`) VALUES (107, '通知公告', 1, 8, 'notice', 'system/notice/index', '', 1, 0, 'C', '0', '0', 'system:notice:list', 'message', '通知公告菜单', b'1', '2022-10-05 15:28:43', NULL, NULL, NULL);
INSERT INTO `sys_menu` (`menu_id`, `menu_name`, `parent_id`, `order_num`, `path`, `component`, `query`, `is_frame`, `is_cache`, `menu_type`, `visible`, `status`, `perms`, `icon`, `remark`, `del_flag`, `create_time`, `update_user`, `update_time`, `create_user`) VALUES (108, '日志管理', 1, 9, 'log', '', '', 1, 0, 'M', '0', '0', '', 'log', '日志管理菜单', b'0', '2022-10-05 15:28:43', NULL, NULL, NULL);
INSERT INTO `sys_menu` (`menu_id`, `menu_name`, `parent_id`, `order_num`, `path`, `component`, `query`, `is_frame`, `is_cache`, `menu_type`, `visible`, `status`, `perms`, `icon`, `remark`, `del_flag`, `create_time`, `update_user`, `update_time`, `create_user`) VALUES (109, '在线用户', 2, 1, 'online', 'monitor/online/index', '', 1, 0, 'C', '0', '0', 'monitor:online:list', 'online', '在线用户菜单', b'1', '2022-10-05 15:28:43', NULL, NULL, NULL);
INSERT INTO `sys_menu` (`menu_id`, `menu_name`, `parent_id`, `order_num`, `path`, `component`, `query`, `is_frame`, `is_cache`, `menu_type`, `visible`, `status`, `perms`, `icon`, `remark`, `del_flag`, `create_time`, `update_user`, `update_time`, `create_user`) VALUES (110, '定时任务', 2, 2, 'job', 'monitor/job/index', '', 1, 0, 'C', '0', '0', 'monitor:job:list', 'job', '定时任务菜单', b'1', '2022-10-05 15:28:43', NULL, NULL, NULL);
INSERT INTO `sys_menu` (`menu_id`, `menu_name`, `parent_id`, `order_num`, `path`, `component`, `query`, `is_frame`, `is_cache`, `menu_type`, `visible`, `status`, `perms`, `icon`, `remark`, `del_flag`, `create_time`, `update_user`, `update_time`, `create_user`) VALUES (111, '数据监控', 2, 3, 'druid', 'monitor/druid/index', '', 1, 0, 'C', '0', '0', 'monitor:druid:list', 'druid', '数据监控菜单', b'1', '2022-10-05 15:28:43', NULL, NULL, NULL);
INSERT INTO `sys_menu` (`menu_id`, `menu_name`, `parent_id`, `order_num`, `path`, `component`, `query`, `is_frame`, `is_cache`, `menu_type`, `visible`, `status`, `perms`, `icon`, `remark`, `del_flag`, `create_time`, `update_user`, `update_time`, `create_user`) VALUES (112, '服务监控', 2, 4, 'server', 'monitor/server/index', '', 1, 0, 'C', '0', '0', 'monitor:server:list', 'server', '服务监控菜单', b'1', '2022-10-05 15:28:43', NULL, NULL, NULL);
INSERT INTO `sys_menu` (`menu_id`, `menu_name`, `parent_id`, `order_num`, `path`, `component`, `query`, `is_frame`, `is_cache`, `menu_type`, `visible`, `status`, `perms`, `icon`, `remark`, `del_flag`, `create_time`, `update_user`, `update_time`, `create_user`) VALUES (113, '缓存监控', 2, 5, 'cache', 'monitor/cache/index', '', 1, 0, 'C', '0', '0', 'monitor:cache:list', 'redis', '缓存监控菜单', b'1', '2022-10-05 15:28:43', NULL, NULL, NULL);
INSERT INTO `sys_menu` (`menu_id`, `menu_name`, `parent_id`, `order_num`, `path`, `component`, `query`, `is_frame`, `is_cache`, `menu_type`, `visible`, `status`, `perms`, `icon`, `remark`, `del_flag`, `create_time`, `update_user`, `update_time`, `create_user`) VALUES (114, '缓存列表', 2, 6, 'cacheList', 'monitor/cache/list', '', 1, 0, 'C', '0', '0', 'monitor:cache:list', 'redis-list', '缓存列表菜单', b'1', '2022-10-05 15:28:43', NULL, NULL, NULL);
INSERT INTO `sys_menu` (`menu_id`, `menu_name`, `parent_id`, `order_num`, `path`, `component`, `query`, `is_frame`, `is_cache`, `menu_type`, `visible`, `status`, `perms`, `icon`, `remark`, `del_flag`, `create_time`, `update_user`, `update_time`, `create_user`) VALUES (115, '表单构建', 3, 1, 'build', 'tool/build/index', '', 1, 0, 'C', '0', '0', 'tool:build:list', 'build', '表单构建菜单', b'0', '2022-10-05 15:28:43', NULL, NULL, NULL);
INSERT INTO `sys_menu` (`menu_id`, `menu_name`, `parent_id`, `order_num`, `path`, `component`, `query`, `is_frame`, `is_cache`, `menu_type`, `visible`, `status`, `perms`, `icon`, `remark`, `del_flag`, `create_time`, `update_user`, `update_time`, `create_user`) VALUES (116, '代码生成', 3, 2, 'gen', 'tool/gen/index', '', 1, 0, 'C', '0', '0', 'tool:gen:list', 'code', '代码生成菜单', b'1', '2022-10-05 15:28:43', NULL, NULL, NULL);
INSERT INTO `sys_menu` (`menu_id`, `menu_name`, `parent_id`, `order_num`, `path`, `component`, `query`, `is_frame`, `is_cache`, `menu_type`, `visible`, `status`, `perms`, `icon`, `remark`, `del_flag`, `create_time`, `update_user`, `update_time`, `create_user`) VALUES (117, '系统接口', 3, 3, 'swagger', 'tool/swagger/index', '', 1, 0, 'C', '0', '0', 'tool:swagger:list', 'swagger', '系统接口菜单', b'0', '2022-10-05 15:28:43', NULL, NULL, NULL);
INSERT INTO `sys_menu` (`menu_id`, `menu_name`, `parent_id`, `order_num`, `path`, `component`, `query`, `is_frame`, `is_cache`, `menu_type`, `visible`, `status`, `perms`, `icon`, `remark`, `del_flag`, `create_time`, `update_user`, `update_time`, `create_user`) VALUES (500, '操作日志', 108, 1, 'operlog', 'monitor/operlog/index', '', 1, 0, 'C', '0', '0', 'monitor:operlog:list', 'form', '操作日志菜单', b'0', '2022-10-05 15:28:43', NULL, NULL, NULL);
INSERT INTO `sys_menu` (`menu_id`, `menu_name`, `parent_id`, `order_num`, `path`, `component`, `query`, `is_frame`, `is_cache`, `menu_type`, `visible`, `status`, `perms`, `icon`, `remark`, `del_flag`, `create_time`, `update_user`, `update_time`, `create_user`) VALUES (501, '登录日志', 108, 2, 'logininfor', 'monitor/logininfor/index', '', 1, 0, 'C', '0', '0', 'monitor:logininfor:list', 'logininfor', '登录日志菜单', b'0', '2022-10-05 15:28:43', NULL, NULL, NULL);
INSERT INTO `sys_menu` (`menu_id`, `menu_name`, `parent_id`, `order_num`, `path`, `component`, `query`, `is_frame`, `is_cache`, `menu_type`, `visible`, `status`, `perms`, `icon`, `remark`, `del_flag`, `create_time`, `update_user`, `update_time`, `create_user`) VALUES (1000, '用户查询', 100, 1, '', '', '', 1, 0, 'F', '0', '0', 'system:user:query', '#', '', b'0', '2022-10-05 15:28:43', NULL, NULL, NULL);
INSERT INTO `sys_menu` (`menu_id`, `menu_name`, `parent_id`, `order_num`, `path`, `component`, `query`, `is_frame`, `is_cache`, `menu_type`, `visible`, `status`, `perms`, `icon`, `remark`, `del_flag`, `create_time`, `update_user`, `update_time`, `create_user`) VALUES (1001, '用户新增', 100, 2, '', '', '', 1, 0, 'F', '0', '0', 'system:user:add', '#', '', b'0', '2022-10-05 15:28:43', NULL, NULL, NULL);
INSERT INTO `sys_menu` (`menu_id`, `menu_name`, `parent_id`, `order_num`, `path`, `component`, `query`, `is_frame`, `is_cache`, `menu_type`, `visible`, `status`, `perms`, `icon`, `remark`, `del_flag`, `create_time`, `update_user`, `update_time`, `create_user`) VALUES (1002, '用户修改', 100, 3, '', '', '', 1, 0, 'F', '0', '0', 'system:user:edit', '#', '', b'0', '2022-10-05 15:28:43', NULL, NULL, NULL);
INSERT INTO `sys_menu` (`menu_id`, `menu_name`, `parent_id`, `order_num`, `path`, `component`, `query`, `is_frame`, `is_cache`, `menu_type`, `visible`, `status`, `perms`, `icon`, `remark`, `del_flag`, `create_time`, `update_user`, `update_time`, `create_user`) VALUES (1003, '用户删除', 100, 4, '', '', '', 1, 0, 'F', '0', '0', 'system:user:remove', '#', '', b'0', '2022-10-05 15:28:43', NULL, NULL, NULL);
INSERT INTO `sys_menu` (`menu_id`, `menu_name`, `parent_id`, `order_num`, `path`, `component`, `query`, `is_frame`, `is_cache`, `menu_type`, `visible`, `status`, `perms`, `icon`, `remark`, `del_flag`, `create_time`, `update_user`, `update_time`, `create_user`) VALUES (1004, '用户导出', 100, 5, '', '', '', 1, 0, 'F', '0', '0', 'system:user:export', '#', '', b'0', '2022-10-05 15:28:43', NULL, NULL, NULL);
INSERT INTO `sys_menu` (`menu_id`, `menu_name`, `parent_id`, `order_num`, `path`, `component`, `query`, `is_frame`, `is_cache`, `menu_type`, `visible`, `status`, `perms`, `icon`, `remark`, `del_flag`, `create_time`, `update_user`, `update_time`, `create_user`) VALUES (1005, '用户导入', 100, 6, '', '', '', 1, 0, 'F', '0', '0', 'system:user:import', '#', '', b'0', '2022-10-05 15:28:43', NULL, NULL, NULL);
INSERT INTO `sys_menu` (`menu_id`, `menu_name`, `parent_id`, `order_num`, `path`, `component`, `query`, `is_frame`, `is_cache`, `menu_type`, `visible`, `status`, `perms`, `icon`, `remark`, `del_flag`, `create_time`, `update_user`, `update_time`, `create_user`) VALUES (1006, '重置密码', 100, 7, '', '', '', 1, 0, 'F', '0', '0', 'system:user:resetPwd', '#', '', b'0', '2022-10-05 15:28:43', NULL, NULL, NULL);
INSERT INTO `sys_menu` (`menu_id`, `menu_name`, `parent_id`, `order_num`, `path`, `component`, `query`, `is_frame`, `is_cache`, `menu_type`, `visible`, `status`, `perms`, `icon`, `remark`, `del_flag`, `create_time`, `update_user`, `update_time`, `create_user`) VALUES (1007, '角色查询', 101, 1, '', '', '', 1, 0, 'F', '0', '0', 'system:role:query', '#', '', b'0', '2022-10-05 15:28:43', NULL, NULL, NULL);
INSERT INTO `sys_menu` (`menu_id`, `menu_name`, `parent_id`, `order_num`, `path`, `component`, `query`, `is_frame`, `is_cache`, `menu_type`, `visible`, `status`, `perms`, `icon`, `remark`, `del_flag`, `create_time`, `update_user`, `update_time`, `create_user`) VALUES (1008, '角色新增', 101, 2, '', '', '', 1, 0, 'F', '0', '0', 'system:role:add', '#', '', b'0', '2022-10-05 15:28:43', NULL, NULL, NULL);
INSERT INTO `sys_menu` (`menu_id`, `menu_name`, `parent_id`, `order_num`, `path`, `component`, `query`, `is_frame`, `is_cache`, `menu_type`, `visible`, `status`, `perms`, `icon`, `remark`, `del_flag`, `create_time`, `update_user`, `update_time`, `create_user`) VALUES (1009, '角色修改', 101, 3, '', '', '', 1, 0, 'F', '0', '0', 'system:role:edit', '#', '', b'0', '2022-10-05 15:28:43', NULL, NULL, NULL);
INSERT INTO `sys_menu` (`menu_id`, `menu_name`, `parent_id`, `order_num`, `path`, `component`, `query`, `is_frame`, `is_cache`, `menu_type`, `visible`, `status`, `perms`, `icon`, `remark`, `del_flag`, `create_time`, `update_user`, `update_time`, `create_user`) VALUES (1010, '角色删除', 101, 4, '', '', '', 1, 0, 'F', '0', '0', 'system:role:remove', '#', '', b'0', '2022-10-05 15:28:43', NULL, NULL, NULL);
INSERT INTO `sys_menu` (`menu_id`, `menu_name`, `parent_id`, `order_num`, `path`, `component`, `query`, `is_frame`, `is_cache`, `menu_type`, `visible`, `status`, `perms`, `icon`, `remark`, `del_flag`, `create_time`, `update_user`, `update_time`, `create_user`) VALUES (1011, '角色导出', 101, 5, '', '', '', 1, 0, 'F', '0', '0', 'system:role:export', '#', '', b'0', '2022-10-05 15:28:43', NULL, NULL, NULL);
INSERT INTO `sys_menu` (`menu_id`, `menu_name`, `parent_id`, `order_num`, `path`, `component`, `query`, `is_frame`, `is_cache`, `menu_type`, `visible`, `status`, `perms`, `icon`, `remark`, `del_flag`, `create_time`, `update_user`, `update_time`, `create_user`) VALUES (1012, '菜单查询', 102, 1, '', '', '', 1, 0, 'F', '0', '0', 'system:menu:query', '#', '', b'0', '2022-10-05 15:28:43', NULL, NULL, NULL);
INSERT INTO `sys_menu` (`menu_id`, `menu_name`, `parent_id`, `order_num`, `path`, `component`, `query`, `is_frame`, `is_cache`, `menu_type`, `visible`, `status`, `perms`, `icon`, `remark`, `del_flag`, `create_time`, `update_user`, `update_time`, `create_user`) VALUES (1013, '菜单新增', 102, 2, '', '', '', 1, 0, 'F', '0', '0', 'system:menu:add', '#', '', b'0', '2022-10-05 15:28:43', NULL, NULL, NULL);
INSERT INTO `sys_menu` (`menu_id`, `menu_name`, `parent_id`, `order_num`, `path`, `component`, `query`, `is_frame`, `is_cache`, `menu_type`, `visible`, `status`, `perms`, `icon`, `remark`, `del_flag`, `create_time`, `update_user`, `update_time`, `create_user`) VALUES (1014, '菜单修改', 102, 3, '', '', '', 1, 0, 'F', '0', '0', 'system:menu:edit', '#', '', b'0', '2022-10-05 15:28:43', NULL, NULL, NULL);
INSERT INTO `sys_menu` (`menu_id`, `menu_name`, `parent_id`, `order_num`, `path`, `component`, `query`, `is_frame`, `is_cache`, `menu_type`, `visible`, `status`, `perms`, `icon`, `remark`, `del_flag`, `create_time`, `update_user`, `update_time`, `create_user`) VALUES (1015, '菜单删除', 102, 4, '', '', '', 1, 0, 'F', '0', '0', 'system:menu:remove', '#', '', b'0', '2022-10-05 15:28:43', NULL, NULL, NULL);
INSERT INTO `sys_menu` (`menu_id`, `menu_name`, `parent_id`, `order_num`, `path`, `component`, `query`, `is_frame`, `is_cache`, `menu_type`, `visible`, `status`, `perms`, `icon`, `remark`, `del_flag`, `create_time`, `update_user`, `update_time`, `create_user`) VALUES (1016, '部门查询', 103, 1, '', '', '', 1, 0, 'F', '0', '0', 'system:dept:query', '#', '', b'1', '2022-10-05 15:28:43', NULL, NULL, NULL);
INSERT INTO `sys_menu` (`menu_id`, `menu_name`, `parent_id`, `order_num`, `path`, `component`, `query`, `is_frame`, `is_cache`, `menu_type`, `visible`, `status`, `perms`, `icon`, `remark`, `del_flag`, `create_time`, `update_user`, `update_time`, `create_user`) VALUES (1017, '部门新增', 103, 2, '', '', '', 1, 0, 'F', '0', '0', 'system:dept:add', '#', '', b'1', '2022-10-05 15:28:43', NULL, NULL, NULL);
INSERT INTO `sys_menu` (`menu_id`, `menu_name`, `parent_id`, `order_num`, `path`, `component`, `query`, `is_frame`, `is_cache`, `menu_type`, `visible`, `status`, `perms`, `icon`, `remark`, `del_flag`, `create_time`, `update_user`, `update_time`, `create_user`) VALUES (1018, '部门修改', 103, 3, '', '', '', 1, 0, 'F', '0', '0', 'system:dept:edit', '#', '', b'1', '2022-10-05 15:28:43', NULL, NULL, NULL);
INSERT INTO `sys_menu` (`menu_id`, `menu_name`, `parent_id`, `order_num`, `path`, `component`, `query`, `is_frame`, `is_cache`, `menu_type`, `visible`, `status`, `perms`, `icon`, `remark`, `del_flag`, `create_time`, `update_user`, `update_time`, `create_user`) VALUES (1019, '部门删除', 103, 4, '', '', '', 1, 0, 'F', '0', '0', 'system:dept:remove', '#', '', b'1', '2022-10-05 15:28:43', NULL, NULL, NULL);
INSERT INTO `sys_menu` (`menu_id`, `menu_name`, `parent_id`, `order_num`, `path`, `component`, `query`, `is_frame`, `is_cache`, `menu_type`, `visible`, `status`, `perms`, `icon`, `remark`, `del_flag`, `create_time`, `update_user`, `update_time`, `create_user`) VALUES (1020, '岗位查询', 104, 1, '', '', '', 1, 0, 'F', '0', '0', 'system:post:query', '#', '', b'1', '2022-10-05 15:28:43', NULL, NULL, NULL);
INSERT INTO `sys_menu` (`menu_id`, `menu_name`, `parent_id`, `order_num`, `path`, `component`, `query`, `is_frame`, `is_cache`, `menu_type`, `visible`, `status`, `perms`, `icon`, `remark`, `del_flag`, `create_time`, `update_user`, `update_time`, `create_user`) VALUES (1021, '岗位新增', 104, 2, '', '', '', 1, 0, 'F', '0', '0', 'system:post:add', '#', '', b'1', '2022-10-05 15:28:43', NULL, NULL, NULL);
INSERT INTO `sys_menu` (`menu_id`, `menu_name`, `parent_id`, `order_num`, `path`, `component`, `query`, `is_frame`, `is_cache`, `menu_type`, `visible`, `status`, `perms`, `icon`, `remark`, `del_flag`, `create_time`, `update_user`, `update_time`, `create_user`) VALUES (1022, '岗位修改', 104, 3, '', '', '', 1, 0, 'F', '0', '0', 'system:post:edit', '#', '', b'1', '2022-10-05 15:28:43', NULL, NULL, NULL);
INSERT INTO `sys_menu` (`menu_id`, `menu_name`, `parent_id`, `order_num`, `path`, `component`, `query`, `is_frame`, `is_cache`, `menu_type`, `visible`, `status`, `perms`, `icon`, `remark`, `del_flag`, `create_time`, `update_user`, `update_time`, `create_user`) VALUES (1023, '岗位删除', 104, 4, '', '', '', 1, 0, 'F', '0', '0', 'system:post:remove', '#', '', b'1', '2022-10-05 15:28:43', NULL, NULL, NULL);
INSERT INTO `sys_menu` (`menu_id`, `menu_name`, `parent_id`, `order_num`, `path`, `component`, `query`, `is_frame`, `is_cache`, `menu_type`, `visible`, `status`, `perms`, `icon`, `remark`, `del_flag`, `create_time`, `update_user`, `update_time`, `create_user`) VALUES (1024, '岗位导出', 104, 5, '', '', '', 1, 0, 'F', '0', '0', 'system:post:export', '#', '', b'1', '2022-10-05 15:28:43', NULL, NULL, NULL);
INSERT INTO `sys_menu` (`menu_id`, `menu_name`, `parent_id`, `order_num`, `path`, `component`, `query`, `is_frame`, `is_cache`, `menu_type`, `visible`, `status`, `perms`, `icon`, `remark`, `del_flag`, `create_time`, `update_user`, `update_time`, `create_user`) VALUES (1025, '字典查询', 105, 1, '#', '', '', 1, 0, 'F', '0', '0', 'system:dict:query', '#', '', b'0', '2022-10-05 15:28:43', NULL, NULL, NULL);
INSERT INTO `sys_menu` (`menu_id`, `menu_name`, `parent_id`, `order_num`, `path`, `component`, `query`, `is_frame`, `is_cache`, `menu_type`, `visible`, `status`, `perms`, `icon`, `remark`, `del_flag`, `create_time`, `update_user`, `update_time`, `create_user`) VALUES (1026, '字典新增', 105, 2, '#', '', '', 1, 0, 'F', '0', '0', 'system:dict:add', '#', '', b'0', '2022-10-05 15:28:43', NULL, NULL, NULL);
INSERT INTO `sys_menu` (`menu_id`, `menu_name`, `parent_id`, `order_num`, `path`, `component`, `query`, `is_frame`, `is_cache`, `menu_type`, `visible`, `status`, `perms`, `icon`, `remark`, `del_flag`, `create_time`, `update_user`, `update_time`, `create_user`) VALUES (1027, '字典修改', 105, 3, '#', '', '', 1, 0, 'F', '0', '0', 'system:dict:edit', '#', '', b'0', '2022-10-05 15:28:43', NULL, NULL, NULL);
INSERT INTO `sys_menu` (`menu_id`, `menu_name`, `parent_id`, `order_num`, `path`, `component`, `query`, `is_frame`, `is_cache`, `menu_type`, `visible`, `status`, `perms`, `icon`, `remark`, `del_flag`, `create_time`, `update_user`, `update_time`, `create_user`) VALUES (1028, '字典删除', 105, 4, '#', '', '', 1, 0, 'F', '0', '0', 'system:dict:remove', '#', '', b'0', '2022-10-05 15:28:43', NULL, NULL, NULL);
INSERT INTO `sys_menu` (`menu_id`, `menu_name`, `parent_id`, `order_num`, `path`, `component`, `query`, `is_frame`, `is_cache`, `menu_type`, `visible`, `status`, `perms`, `icon`, `remark`, `del_flag`, `create_time`, `update_user`, `update_time`, `create_user`) VALUES (1029, '字典导出', 105, 5, '#', '', '', 1, 0, 'F', '0', '0', 'system:dict:export', '#', '', b'0', '2022-10-05 15:28:43', NULL, NULL, NULL);
INSERT INTO `sys_menu` (`menu_id`, `menu_name`, `parent_id`, `order_num`, `path`, `component`, `query`, `is_frame`, `is_cache`, `menu_type`, `visible`, `status`, `perms`, `icon`, `remark`, `del_flag`, `create_time`, `update_user`, `update_time`, `create_user`) VALUES (1030, '参数查询', 106, 1, '#', '', '', 1, 0, 'F', '0', '0', 'system:config:query', '#', '', b'0', '2022-10-05 15:28:43', NULL, NULL, NULL);
INSERT INTO `sys_menu` (`menu_id`, `menu_name`, `parent_id`, `order_num`, `path`, `component`, `query`, `is_frame`, `is_cache`, `menu_type`, `visible`, `status`, `perms`, `icon`, `remark`, `del_flag`, `create_time`, `update_user`, `update_time`, `create_user`) VALUES (1031, '参数新增', 106, 2, '#', '', '', 1, 0, 'F', '0', '0', 'system:config:add', '#', '', b'0', '2022-10-05 15:28:43', NULL, NULL, NULL);
INSERT INTO `sys_menu` (`menu_id`, `menu_name`, `parent_id`, `order_num`, `path`, `component`, `query`, `is_frame`, `is_cache`, `menu_type`, `visible`, `status`, `perms`, `icon`, `remark`, `del_flag`, `create_time`, `update_user`, `update_time`, `create_user`) VALUES (1032, '参数修改', 106, 3, '#', '', '', 1, 0, 'F', '0', '0', 'system:config:edit', '#', '', b'0', '2022-10-05 15:28:43', NULL, NULL, NULL);
INSERT INTO `sys_menu` (`menu_id`, `menu_name`, `parent_id`, `order_num`, `path`, `component`, `query`, `is_frame`, `is_cache`, `menu_type`, `visible`, `status`, `perms`, `icon`, `remark`, `del_flag`, `create_time`, `update_user`, `update_time`, `create_user`) VALUES (1033, '参数删除', 106, 4, '#', '', '', 1, 0, 'F', '0', '0', 'system:config:remove', '#', '', b'0', '2022-10-05 15:28:43', NULL, NULL, NULL);
INSERT INTO `sys_menu` (`menu_id`, `menu_name`, `parent_id`, `order_num`, `path`, `component`, `query`, `is_frame`, `is_cache`, `menu_type`, `visible`, `status`, `perms`, `icon`, `remark`, `del_flag`, `create_time`, `update_user`, `update_time`, `create_user`) VALUES (1034, '参数导出', 106, 5, '#', '', '', 1, 0, 'F', '0', '0', 'system:config:export', '#', '', b'0', '2022-10-05 15:28:43', NULL, NULL, NULL);
INSERT INTO `sys_menu` (`menu_id`, `menu_name`, `parent_id`, `order_num`, `path`, `component`, `query`, `is_frame`, `is_cache`, `menu_type`, `visible`, `status`, `perms`, `icon`, `remark`, `del_flag`, `create_time`, `update_user`, `update_time`, `create_user`) VALUES (1035, '公告查询', 107, 1, '#', '', '', 1, 0, 'F', '0', '0', 'system:notice:query', '#', '', b'1', '2022-10-05 15:28:43', NULL, NULL, NULL);
INSERT INTO `sys_menu` (`menu_id`, `menu_name`, `parent_id`, `order_num`, `path`, `component`, `query`, `is_frame`, `is_cache`, `menu_type`, `visible`, `status`, `perms`, `icon`, `remark`, `del_flag`, `create_time`, `update_user`, `update_time`, `create_user`) VALUES (1036, '公告新增', 107, 2, '#', '', '', 1, 0, 'F', '0', '0', 'system:notice:add', '#', '', b'1', '2022-10-05 15:28:43', NULL, NULL, NULL);
INSERT INTO `sys_menu` (`menu_id`, `menu_name`, `parent_id`, `order_num`, `path`, `component`, `query`, `is_frame`, `is_cache`, `menu_type`, `visible`, `status`, `perms`, `icon`, `remark`, `del_flag`, `create_time`, `update_user`, `update_time`, `create_user`) VALUES (1037, '公告修改', 107, 3, '#', '', '', 1, 0, 'F', '0', '0', 'system:notice:edit', '#', '', b'1', '2022-10-05 15:28:43', NULL, NULL, NULL);
INSERT INTO `sys_menu` (`menu_id`, `menu_name`, `parent_id`, `order_num`, `path`, `component`, `query`, `is_frame`, `is_cache`, `menu_type`, `visible`, `status`, `perms`, `icon`, `remark`, `del_flag`, `create_time`, `update_user`, `update_time`, `create_user`) VALUES (1038, '公告删除', 107, 4, '#', '', '', 1, 0, 'F', '0', '0', 'system:notice:remove', '#', '', b'1', '2022-10-05 15:28:43', NULL, NULL, NULL);
INSERT INTO `sys_menu` (`menu_id`, `menu_name`, `parent_id`, `order_num`, `path`, `component`, `query`, `is_frame`, `is_cache`, `menu_type`, `visible`, `status`, `perms`, `icon`, `remark`, `del_flag`, `create_time`, `update_user`, `update_time`, `create_user`) VALUES (1039, '操作查询', 500, 1, '#', '', '', 1, 0, 'F', '0', '0', 'monitor:operlog:query', '#', '', b'0', '2022-10-05 15:28:43', NULL, NULL, NULL);
INSERT INTO `sys_menu` (`menu_id`, `menu_name`, `parent_id`, `order_num`, `path`, `component`, `query`, `is_frame`, `is_cache`, `menu_type`, `visible`, `status`, `perms`, `icon`, `remark`, `del_flag`, `create_time`, `update_user`, `update_time`, `create_user`) VALUES (1040, '操作删除', 500, 2, '#', '', '', 1, 0, 'F', '0', '0', 'monitor:operlog:remove', '#', '', b'0', '2022-10-05 15:28:43', NULL, NULL, NULL);
INSERT INTO `sys_menu` (`menu_id`, `menu_name`, `parent_id`, `order_num`, `path`, `component`, `query`, `is_frame`, `is_cache`, `menu_type`, `visible`, `status`, `perms`, `icon`, `remark`, `del_flag`, `create_time`, `update_user`, `update_time`, `create_user`) VALUES (1041, '日志导出', 500, 3, '#', '', '', 1, 0, 'F', '0', '0', 'monitor:operlog:export', '#', '', b'0', '2022-10-05 15:28:43', NULL, NULL, NULL);
INSERT INTO `sys_menu` (`menu_id`, `menu_name`, `parent_id`, `order_num`, `path`, `component`, `query`, `is_frame`, `is_cache`, `menu_type`, `visible`, `status`, `perms`, `icon`, `remark`, `del_flag`, `create_time`, `update_user`, `update_time`, `create_user`) VALUES (1042, '登录查询', 501, 1, '#', '', '', 1, 0, 'F', '0', '0', 'monitor:logininfor:query', '#', '', b'0', '2022-10-05 15:28:43', NULL, NULL, NULL);
INSERT INTO `sys_menu` (`menu_id`, `menu_name`, `parent_id`, `order_num`, `path`, `component`, `query`, `is_frame`, `is_cache`, `menu_type`, `visible`, `status`, `perms`, `icon`, `remark`, `del_flag`, `create_time`, `update_user`, `update_time`, `create_user`) VALUES (1043, '登录删除', 501, 2, '#', '', '', 1, 0, 'F', '0', '0', 'monitor:logininfor:remove', '#', '', b'0', '2022-10-05 15:28:43', NULL, NULL, NULL);
INSERT INTO `sys_menu` (`menu_id`, `menu_name`, `parent_id`, `order_num`, `path`, `component`, `query`, `is_frame`, `is_cache`, `menu_type`, `visible`, `status`, `perms`, `icon`, `remark`, `del_flag`, `create_time`, `update_user`, `update_time`, `create_user`) VALUES (1044, '日志导出', 501, 3, '#', '', '', 1, 0, 'F', '0', '0', 'monitor:logininfor:export', '#', '', b'0', '2022-10-05 15:28:43', NULL, NULL, NULL);
INSERT INTO `sys_menu` (`menu_id`, `menu_name`, `parent_id`, `order_num`, `path`, `component`, `query`, `is_frame`, `is_cache`, `menu_type`, `visible`, `status`, `perms`, `icon`, `remark`, `del_flag`, `create_time`, `update_user`, `update_time`, `create_user`) VALUES (1045, '账户解锁', 501, 4, '#', '', '', 1, 0, 'F', '0', '0', 'monitor:logininfor:unlock', '#', '', b'0', '2022-10-05 15:28:43', NULL, NULL, NULL);
INSERT INTO `sys_menu` (`menu_id`, `menu_name`, `parent_id`, `order_num`, `path`, `component`, `query`, `is_frame`, `is_cache`, `menu_type`, `visible`, `status`, `perms`, `icon`, `remark`, `del_flag`, `create_time`, `update_user`, `update_time`, `create_user`) VALUES (1046, '在线查询', 109, 1, '#', '', '', 1, 0, 'F', '0', '0', 'monitor:online:query', '#', '', b'1', '2022-10-05 15:28:43', NULL, NULL, NULL);
INSERT INTO `sys_menu` (`menu_id`, `menu_name`, `parent_id`, `order_num`, `path`, `component`, `query`, `is_frame`, `is_cache`, `menu_type`, `visible`, `status`, `perms`, `icon`, `remark`, `del_flag`, `create_time`, `update_user`, `update_time`, `create_user`) VALUES (1047, '批量强退', 109, 2, '#', '', '', 1, 0, 'F', '0', '0', 'monitor:online:batchLogout', '#', '', b'1', '2022-10-05 15:28:43', NULL, NULL, NULL);
INSERT INTO `sys_menu` (`menu_id`, `menu_name`, `parent_id`, `order_num`, `path`, `component`, `query`, `is_frame`, `is_cache`, `menu_type`, `visible`, `status`, `perms`, `icon`, `remark`, `del_flag`, `create_time`, `update_user`, `update_time`, `create_user`) VALUES (1048, '单条强退', 109, 3, '#', '', '', 1, 0, 'F', '0', '0', 'monitor:online:forceLogout', '#', '', b'1', '2022-10-05 15:28:43', NULL, NULL, NULL);
INSERT INTO `sys_menu` (`menu_id`, `menu_name`, `parent_id`, `order_num`, `path`, `component`, `query`, `is_frame`, `is_cache`, `menu_type`, `visible`, `status`, `perms`, `icon`, `remark`, `del_flag`, `create_time`, `update_user`, `update_time`, `create_user`) VALUES (1049, '任务查询', 110, 1, '#', '', '', 1, 0, 'F', '0', '0', 'monitor:job:query', '#', '', b'1', '2022-10-05 15:28:43', NULL, NULL, NULL);
INSERT INTO `sys_menu` (`menu_id`, `menu_name`, `parent_id`, `order_num`, `path`, `component`, `query`, `is_frame`, `is_cache`, `menu_type`, `visible`, `status`, `perms`, `icon`, `remark`, `del_flag`, `create_time`, `update_user`, `update_time`, `create_user`) VALUES (1050, '任务新增', 110, 2, '#', '', '', 1, 0, 'F', '0', '0', 'monitor:job:add', '#', '', b'1', '2022-10-05 15:28:43', NULL, NULL, NULL);
INSERT INTO `sys_menu` (`menu_id`, `menu_name`, `parent_id`, `order_num`, `path`, `component`, `query`, `is_frame`, `is_cache`, `menu_type`, `visible`, `status`, `perms`, `icon`, `remark`, `del_flag`, `create_time`, `update_user`, `update_time`, `create_user`) VALUES (1051, '任务修改', 110, 3, '#', '', '', 1, 0, 'F', '0', '0', 'monitor:job:edit', '#', '', b'1', '2022-10-05 15:28:43', NULL, NULL, NULL);
INSERT INTO `sys_menu` (`menu_id`, `menu_name`, `parent_id`, `order_num`, `path`, `component`, `query`, `is_frame`, `is_cache`, `menu_type`, `visible`, `status`, `perms`, `icon`, `remark`, `del_flag`, `create_time`, `update_user`, `update_time`, `create_user`) VALUES (1052, '任务删除', 110, 4, '#', '', '', 1, 0, 'F', '0', '0', 'monitor:job:remove', '#', '', b'1', '2022-10-05 15:28:43', NULL, NULL, NULL);
INSERT INTO `sys_menu` (`menu_id`, `menu_name`, `parent_id`, `order_num`, `path`, `component`, `query`, `is_frame`, `is_cache`, `menu_type`, `visible`, `status`, `perms`, `icon`, `remark`, `del_flag`, `create_time`, `update_user`, `update_time`, `create_user`) VALUES (1053, '状态修改', 110, 5, '#', '', '', 1, 0, 'F', '0', '0', 'monitor:job:changeStatus', '#', '', b'1', '2022-10-05 15:28:43', NULL, NULL, NULL);
INSERT INTO `sys_menu` (`menu_id`, `menu_name`, `parent_id`, `order_num`, `path`, `component`, `query`, `is_frame`, `is_cache`, `menu_type`, `visible`, `status`, `perms`, `icon`, `remark`, `del_flag`, `create_time`, `update_user`, `update_time`, `create_user`) VALUES (1054, '任务导出', 110, 6, '#', '', '', 1, 0, 'F', '0', '0', 'monitor:job:export', '#', '', b'1', '2022-10-05 15:28:43', NULL, NULL, NULL);
INSERT INTO `sys_menu` (`menu_id`, `menu_name`, `parent_id`, `order_num`, `path`, `component`, `query`, `is_frame`, `is_cache`, `menu_type`, `visible`, `status`, `perms`, `icon`, `remark`, `del_flag`, `create_time`, `update_user`, `update_time`, `create_user`) VALUES (1055, '生成查询', 116, 1, '#', '', '', 1, 0, 'F', '0', '0', 'tool:gen:query', '#', '', b'1', '2022-10-05 15:28:43', NULL, NULL, NULL);
INSERT INTO `sys_menu` (`menu_id`, `menu_name`, `parent_id`, `order_num`, `path`, `component`, `query`, `is_frame`, `is_cache`, `menu_type`, `visible`, `status`, `perms`, `icon`, `remark`, `del_flag`, `create_time`, `update_user`, `update_time`, `create_user`) VALUES (1056, '生成修改', 116, 2, '#', '', '', 1, 0, 'F', '0', '0', 'tool:gen:edit', '#', '', b'1', '2022-10-05 15:28:43', NULL, NULL, NULL);
INSERT INTO `sys_menu` (`menu_id`, `menu_name`, `parent_id`, `order_num`, `path`, `component`, `query`, `is_frame`, `is_cache`, `menu_type`, `visible`, `status`, `perms`, `icon`, `remark`, `del_flag`, `create_time`, `update_user`, `update_time`, `create_user`) VALUES (1057, '生成删除', 116, 3, '#', '', '', 1, 0, 'F', '0', '0', 'tool:gen:remove', '#', '', b'1', '2022-10-05 15:28:43', NULL, NULL, NULL);
INSERT INTO `sys_menu` (`menu_id`, `menu_name`, `parent_id`, `order_num`, `path`, `component`, `query`, `is_frame`, `is_cache`, `menu_type`, `visible`, `status`, `perms`, `icon`, `remark`, `del_flag`, `create_time`, `update_user`, `update_time`, `create_user`) VALUES (1058, '导入代码', 116, 4, '#', '', '', 1, 0, 'F', '0', '0', 'tool:gen:import', '#', '', b'1', '2022-10-05 15:28:43', NULL, NULL, NULL);
INSERT INTO `sys_menu` (`menu_id`, `menu_name`, `parent_id`, `order_num`, `path`, `component`, `query`, `is_frame`, `is_cache`, `menu_type`, `visible`, `status`, `perms`, `icon`, `remark`, `del_flag`, `create_time`, `update_user`, `update_time`, `create_user`) VALUES (1059, '预览代码', 116, 5, '#', '', '', 1, 0, 'F', '0', '0', 'tool:gen:preview', '#', '', b'1', '2022-10-05 15:28:43', NULL, NULL, NULL);
INSERT INTO `sys_menu` (`menu_id`, `menu_name`, `parent_id`, `order_num`, `path`, `component`, `query`, `is_frame`, `is_cache`, `menu_type`, `visible`, `status`, `perms`, `icon`, `remark`, `del_flag`, `create_time`, `update_user`, `update_time`, `create_user`) VALUES (1060, '生成代码', 116, 6, '#', '', '', 1, 0, 'F', '0', '0', 'tool:gen:code', '#', '', b'1', '2022-10-05 15:28:43', NULL, NULL, NULL);
INSERT INTO `sys_menu` (`menu_id`, `menu_name`, `parent_id`, `order_num`, `path`, `component`, `query`, `is_frame`, `is_cache`, `menu_type`, `visible`, `status`, `perms`, `icon`, `remark`, `del_flag`, `create_time`, `update_user`, `update_time`, `create_user`) VALUES (1676581553133699073, 'i茅台', 0, 4, 'imt', NULL, NULL, 1, 0, 'M', '0', '0', NULL, 'star', '', b'0', '2023-07-05 21:19:26', 1, '2023-07-05 21:19:26', 1);
INSERT INTO `sys_menu` (`menu_id`, `menu_name`, `parent_id`, `order_num`, `path`, `component`, `query`, `is_frame`, `is_cache`, `menu_type`, `visible`, `status`, `perms`, `icon`, `remark`, `del_flag`, `create_time`, `update_user`, `update_time`, `create_user`) VALUES (1676586683316944898, '预约项目', 1676581553133699073, 2, 'item', 'imt/item/index', NULL, 1, 1, 'C', '0', '0', NULL, '#', '', b'0', '2023-07-05 21:39:49', 1, '2023-07-05 21:39:49', 1);
INSERT INTO `sys_menu` (`menu_id`, `menu_name`, `parent_id`, `order_num`, `path`, `component`, `query`, `is_frame`, `is_cache`, `menu_type`, `visible`, `status`, `perms`, `icon`, `remark`, `del_flag`, `create_time`, `update_user`, `update_time`, `create_user`) VALUES (1676598335282122754, '门店列表', 1676581553133699073, 3, 'shop', 'imt/shop/index', NULL, 1, 1, 'C', '0', '0', NULL, '#', '', b'0', '2023-07-05 22:26:07', 1, '2023-07-05 22:26:07', 1);
INSERT INTO `sys_menu` (`menu_id`, `menu_name`, `parent_id`, `order_num`, `path`, `component`, `query`, `is_frame`, `is_cache`, `menu_type`, `visible`, `status`, `perms`, `icon`, `remark`, `del_flag`, `create_time`, `update_user`, `update_time`, `create_user`) VALUES (1676847133803773954, '用户管理', 1676581553133699073, 1, 'user', 'imt/user/index', NULL, 1, 1, 'C', '0', '0', NULL, 'user', '', b'0', '2023-07-06 14:54:46', 1, '2023-07-06 14:54:45', 1);
INSERT INTO `sys_menu` (`menu_id`, `menu_name`, `parent_id`, `order_num`, `path`, `component`, `query`, `is_frame`, `is_cache`, `menu_type`, `visible`, `status`, `perms`, `icon`, `remark`, `del_flag`, `create_time`, `update_user`, `update_time`, `create_user`) VALUES (1686232882739159041, '日志', 1676581553133699073, 4, 'log', 'imt/log/index', NULL, 1, 0, 'C', '0', '0', NULL, '#', '', b'0', '2023-08-01 12:30:23', 1, '2023-08-01 12:30:22', 1);
COMMIT;

-- ----------------------------
-- Records of sys_role
-- ----------------------------
BEGIN;
INSERT INTO `sys_role` (`role_id`, `role_name`, `role_key`, `role_sort`, `menu_check_strictly`, `status`, `remark`, `del_flag`, `create_user`, `create_time`, `update_user`, `update_time`) VALUES (1, '超级管理员', 'admin', 1, 1, '0', '超级管理员', b'0', NULL, '2022-10-05 15:28:43', NULL, NULL);
INSERT INTO `sys_role` (`role_id`, `role_name`, `role_key`, `role_sort`, `menu_check_strictly`, `status`, `remark`, `del_flag`, `create_user`, `create_time`, `update_user`, `update_time`) VALUES (2, '普通角色', 'common', 2, 1, '0', '普通角色', b'0', 1, '2022-10-05 15:28:43', 1, '2023-04-23 09:25:30');
INSERT INTO `sys_role` (`role_id`, `role_name`, `role_key`, `role_sort`, `menu_check_strictly`, `status`, `remark`, `del_flag`, `create_user`, `create_time`, `update_user`, `update_time`) VALUES (1685558345957654529, 'i茅台', 'imaotai', 3, 1, '0', NULL, b'0', 1, '2023-07-30 15:50:00', 1, '2023-08-01 12:34:59');
COMMIT;

-- ----------------------------
-- Records of sys_role_menu
-- ----------------------------
BEGIN;
INSERT INTO `sys_role_menu` (`role_id`, `menu_id`) VALUES (2, 1);
INSERT INTO `sys_role_menu` (`role_id`, `menu_id`) VALUES (2, 4);
INSERT INTO `sys_role_menu` (`role_id`, `menu_id`) VALUES (2, 100);
INSERT INTO `sys_role_menu` (`role_id`, `menu_id`) VALUES (2, 101);
INSERT INTO `sys_role_menu` (`role_id`, `menu_id`) VALUES (2, 1000);
INSERT INTO `sys_role_menu` (`role_id`, `menu_id`) VALUES (2, 1001);
INSERT INTO `sys_role_menu` (`role_id`, `menu_id`) VALUES (2, 1002);
INSERT INTO `sys_role_menu` (`role_id`, `menu_id`) VALUES (2, 1003);
INSERT INTO `sys_role_menu` (`role_id`, `menu_id`) VALUES (2, 1004);
INSERT INTO `sys_role_menu` (`role_id`, `menu_id`) VALUES (2, 1005);
INSERT INTO `sys_role_menu` (`role_id`, `menu_id`) VALUES (2, 1006);
INSERT INTO `sys_role_menu` (`role_id`, `menu_id`) VALUES (2, 1007);
INSERT INTO `sys_role_menu` (`role_id`, `menu_id`) VALUES (2, 1008);
INSERT INTO `sys_role_menu` (`role_id`, `menu_id`) VALUES (2, 1009);
INSERT INTO `sys_role_menu` (`role_id`, `menu_id`) VALUES (2, 1010);
INSERT INTO `sys_role_menu` (`role_id`, `menu_id`) VALUES (2, 1011);
INSERT INTO `sys_role_menu` (`role_id`, `menu_id`) VALUES (1685558345957654529, 1676581553133699073);
INSERT INTO `sys_role_menu` (`role_id`, `menu_id`) VALUES (1685558345957654529, 1676586683316944898);
INSERT INTO `sys_role_menu` (`role_id`, `menu_id`) VALUES (1685558345957654529, 1676598335282122754);
INSERT INTO `sys_role_menu` (`role_id`, `menu_id`) VALUES (1685558345957654529, 1676847133803773954);
INSERT INTO `sys_role_menu` (`role_id`, `menu_id`) VALUES (1685558345957654529, 1686232882739159041);
COMMIT;

-- ----------------------------
-- Records of sys_role_resource
-- ----------------------------
BEGIN;
INSERT INTO `sys_role_resource` (`resource_code`, `role_id`) VALUES ('oddfar.I_log.list', 1685558345957654529);
INSERT INTO `sys_role_resource` (`resource_code`, `role_id`) VALUES ('oddfar.I_user.add', 1685558345957654529);
INSERT INTO `sys_role_resource` (`resource_code`, `role_id`) VALUES ('oddfar.I_user.edit', 1685558345957654529);
INSERT INTO `sys_role_resource` (`resource_code`, `role_id`) VALUES ('oddfar.I_user.get_info', 1685558345957654529);
INSERT INTO `sys_role_resource` (`resource_code`, `role_id`) VALUES ('oddfar.I_user.list', 1685558345957654529);
INSERT INTO `sys_role_resource` (`resource_code`, `role_id`) VALUES ('oddfar.I_user.login', 1685558345957654529);
INSERT INTO `sys_role_resource` (`resource_code`, `role_id`) VALUES ('oddfar.I_user.remove', 1685558345957654529);
INSERT INTO `sys_role_resource` (`resource_code`, `role_id`) VALUES ('oddfar.I_user.reservation', 1685558345957654529);
INSERT INTO `sys_role_resource` (`resource_code`, `role_id`) VALUES ('oddfar.I_user.send_code', 1685558345957654529);
INSERT INTO `sys_role_resource` (`resource_code`, `role_id`) VALUES ('oddfar.I_user.travel_reward', 1685558345957654529);
COMMIT;

-- ----------------------------
-- Records of sys_user
-- ----------------------------
BEGIN;
INSERT INTO `sys_user` (`user_id`, `user_name`, `nick_name`, `user_type`, `email`, `phonenumber`, `sex`, `avatar`, `password`, `status`, `login_ip`, `login_date`, `remark`, `create_user`, `create_time`, `update_user`, `update_time`, `del_flag`) VALUES (1, 'admin', 'admin', '00', 'oddfar@163.com', '15888888888', '0', '', '$2a$10$7JB720yubVSZvUI0rEqK/.VqGOZTH.ulu33dHOiBE8ByOhJIrdAu2', '0', '127.0.0.1', '2023-08-01 17:02:57', '管理员', 0, '2022-10-05 15:28:43', 1, '2023-08-01 17:02:57', b'0');
INSERT INTO `sys_user` (`user_id`, `user_name`, `nick_name`, `user_type`, `email`, `phonenumber`, `sex`, `avatar`, `password`, `status`, `login_ip`, `login_date`, `remark`, `create_user`, `create_time`, `update_user`, `update_time`, `del_flag`) VALUES (2, 'zhiyuan', '致远', '00', 'a_zhiyuan@163.com', '15666666666', '1', 'https://img0.baidu.com/it/u=1183896628,1403534286&fm=253&fmt=auto&app=138&f=PNG', '$2a$10$0522gOEarwIDNCk57dsrNeGqXTDwx2Zpy447d8R7W5MbH4/j1rcQi', '0', '127.0.0.1', '2023-02-25 23:01:16', '致远', 0, '2022-10-05 15:28:43', 1, '2023-07-15 23:18:08', b'0');
INSERT INTO `sys_user` (`user_id`, `user_name`, `nick_name`, `user_type`, `email`, `phonenumber`, `sex`, `avatar`, `password`, `status`, `login_ip`, `login_date`, `remark`, `create_user`, `create_time`, `update_user`, `update_time`, `del_flag`) VALUES (1686027685614125057, 'test', 'test', '00', '', '', '0', '', '$2a$10$23zCdQer/Killsky7gISDeFNQd5SDmf.LLai0sKF3jAR3BdcX2vTm', '0', '127.0.0.1', '2023-08-01 14:49:51', '测试', 0, '2023-07-31 22:55:00', 1, '2023-08-01 14:49:51', b'0');
COMMIT;

-- ----------------------------
-- Records of sys_user_role
-- ----------------------------
BEGIN;
INSERT INTO `sys_user_role` (`user_id`, `role_id`) VALUES (1, 1);
INSERT INTO `sys_user_role` (`user_id`, `role_id`) VALUES (2, 2);
INSERT INTO `sys_user_role` (`user_id`, `role_id`) VALUES (1686027685614125057, 1685558345957654529);
COMMIT;
